# meta,"{'detuning_mhz': -21.275, 'probe_amplitude': 1.0, 'external_trigger': False, 'trap_depth': 0.8, 't_start_us': 0.0, 't_end_us': 26.0, 't_step_us': 2.0, 'n_runs': 3, 'n_cycles': 500, 'op_mode': 'm_minus'}"
probe_time_us,P_dark,P_dark_stderr,N_valid
0.0,-0.0011669951639741213,0.002781323268171706,1498
2.0,0.011093160919356025,0.003948906644111865,1500
4.0,0.021343172135577484,0.004694218109182045,1499
6.0,0.04177769056876886,0.00586767010086122,1500
8.0,0.10254083787451723,0.00825667493378645,1499
10.0,0.14319482084832552,0.009609860281095941,1429
12.0,0.19670283679866593,0.010534091038626493,1499
14.0,0.24084012120428372,0.011344404973186544,1480
16.0,0.3090097562309936,0.012639081627220005,1379
18.0,0.3502278350445606,0.012493143866460044,1499
20.0,0.41899833336396614,0.01293739558654558,1490
22.0,0.47513984866367015,0.013311662645829659,1440
24.0,0.4517264910885746,0.013413317930273687,1409
26.0,0.49181745876015653,0.013056400818104144,1500
