# meta,"{'detuning_mhz': -23.468017, 'probe_amplitude': 1.0, 'external_trigger': False, 'trap_depth': 0.8, 't_start_us': 0.0, 't_end_us': 50.0, 't_step_us': 0.4, 'n_runs': 3, 'n_cycles': 500, 'op_mode': 'm_minus'}"
probe_time_us,P_dark,P_dark_stderr,N_valid
0.0,0.0,0.0021804138755558674,1500
0.4,0.019222802736063426,0.00429109776733114,1440
0.8,0.02738414214557504,0.004902833011302372,1429
1.2000000000000002,0.06729755231791779,0.006943648896867179,1469
1.6,0.11679864269415226,0.008629506555646116,1500
2.0,0.19554576837834553,0.010547899511636339,1499
2.4000000000000004,0.2945896321469627,0.012156795233548914,1480
2.8000000000000003,0.35209731809695266,0.012826483922489315,1459
3.2,0.4853633814093934,0.01328257788969855,1499
3.6,0.5843351762035819,0.013165578280279096,1500
4.0,0.6767391518529381,0.012608077294073863,1500
4.4,0.746672268781594,0.012060440405458239,1450
4.800000000000001,0.8359046847898036,0.010394386057324798,1499
5.2,0.8764529782748083,0.009697611444599729,1429
5.6000000000000005,0.9249371209010598,0.008169379622318033,1459
6.0,0.9429177682757106,0.007417645877841609,1500
6.4,0.9345806816075175,0.0077281533991684,1499
6.800000000000001,0.9131129150017273,0.008448067342175285,1498
7.2,0.87464915940044,0.009514971473585564,1500
7.6000000000000005,0.8056909686173382,0.010963807888791576,1500
8.0,0.7460723596394452,0.012793545227965983,1289
8.4,0.6647742847143278,0.012710699855097329,1499
8.8,0.589260008216632,0.01342158285231408,1439
9.200000000000001,0.4715625426936292,0.013259776832841122,1499
9.600000000000001,0.3834974377256358,0.012891368132632846,1498
10.0,0.2990210091765985,0.012171925213263206,1489
10.4,0.22240842999645702,0.011388179746389365,1409
10.8,0.16669082559316936,0.010000075849422798,1480
11.200000000000001,0.0827276672072361,0.007562938148878279,1470
11.600000000000001,0.060942508159839946,0.006595316667024095,1500
12.0,0.03749672329358531,0.005411088721380732,1500
12.4,0.04228652195068183,0.005715937064029345,1480
12.8,0.05684733928491547,0.006410440506192352,1499
13.200000000000001,0.10504576843894538,0.008613314352707718,1380
13.600000000000001,0.143002755191731,0.009358867045476614,1500
14.0,0.22782132985494605,0.011130340903249736,1500
14.4,0.2969819329392122,0.012107787512453375,1499
14.8,0.39194182391872806,0.012936032327688573,1500
15.200000000000001,0.4895036330241226,0.013287577695381587,1499
15.600000000000001,0.5884726676505677,0.013150224562793168,1500
16.0,0.6917387153648866,0.01251446827026204,1490
16.400000000000002,0.7732763060672996,0.011727553766688487,1439
16.8,0.8243096801287757,0.010621125505280328,1500
17.2,0.8828275364234018,0.00930907960419662,1499
17.6,0.8560445209891622,0.010056990388675016,1470
18.0,0.8937788428195492,0.009016955242195226,1498
18.400000000000002,0.8924881235244367,0.009049742499723826,1499
18.8,0.8891303794648913,0.009138491899339667,1500
19.200000000000003,0.8346534087462409,0.010416460863729859,1500
19.6,0.7839198826701018,0.011719195089464505,1400
20.0,0.6909958782742796,0.012484121424971678,1499
20.400000000000002,0.6496366023527284,0.01463652966061794,1149
20.8,0.5566773504948999,0.01333480997029869,1480
21.200000000000003,0.4377300625987076,0.014411024371995462,1250
21.6,0.39561959409382674,0.01322434858051898,1440
22.0,0.3075421541527935,0.012231172081828924,1498
22.400000000000002,0.2656765515783224,0.011749441909536334,1489
22.8,0.18437766966159194,0.010318516570082524,1500
23.200000000000003,0.15282929737832293,0.009803185534710924,1440
23.6,0.10945237091798474,0.008437684208311527,1488
24.0,0.12301432619213601,0.008931798201145574,1460
24.400000000000002,0.12520399137223975,0.010047374530071273,1169
24.8,0.12507362558812446,0.008871796556493871,1500
25.200000000000003,0.181223846524306,0.010765026767042092,1360
25.6,0.22078381586406784,0.01115978770409581,1460
26.0,0.2973424446444404,0.012230486335429388,1470
26.400000000000002,0.34873507812332805,0.012626566356104658,1499
26.8,0.4938888726818263,0.013331874966104175,1490
27.200000000000003,0.5355175328664411,0.01350784981711029,1450
27.6,0.6146767801481465,0.013032589868478812,1500
28.0,0.6981637483686535,0.012621632743713383,1450
28.400000000000002,0.7629548924700907,0.012133952827855286,1379
28.8,0.8132763696034794,0.010828039047643323,1500
29.200000000000003,0.8486301695626818,0.010155718097700724,1490
29.6,0.8575133812578815,0.010455935011052905,1349
30.0,0.8632085790235388,0.009824489322393324,1490
30.400000000000002,0.8157520515129021,0.010789701959635838,1498
30.8,0.788396053031153,0.011770845713319933,1370
31.200000000000003,0.7558598202383713,0.011741272872409132,1499
31.6,0.6760495699451069,0.012613972039009757,1500
32.0,0.6509734459985635,0.012814218568611799,1499
32.4,0.553303990351186,0.013253210570204899,1500
32.800000000000004,0.47882914430543627,0.013268552021620576,1500
33.2,0.3848979067125615,0.012934941335415683,1490
33.6,0.3583956652243629,0.0127057603281333,1499
34.0,0.23832836839721444,0.011305274859482167,1499
34.4,0.2478192051820455,0.011448511659331506,1500
34.800000000000004,0.23457227878455214,0.011520292632030672,1428
35.2,0.213486858708839,0.01088536744329358,1499
35.6,0.1727743844973346,0.010073222785570048,1499
36.0,0.1640105253209684,0.009941533468383387,1479
36.4,0.18472246061550754,0.010686608493081045,1400
36.800000000000004,0.23305264087987104,0.011407775296239814,1450
37.2,0.2505775328133696,0.011489916031736836,1500
37.6,0.28486856041187564,0.01224620340054426,1430
38.0,0.37495667168327984,0.0128292910604538,1499
38.400000000000006,0.4514627526244972,0.013258156426637434,1488
38.800000000000004,0.5022749291716907,0.013293248398265995,1500
39.2,0.5588206456138342,0.013241157578487818,1500
39.6,0.6379114685120039,0.013028413028877256,1470
40.0,0.7181140663227992,0.01220255618015335,1500
40.400000000000006,0.6997476184198338,0.012403593008662544,1498
40.800000000000004,0.7398358964194761,0.013344798224768358,1200
41.2,0.796036821907704,0.0111293113299206,1500
41.6,0.7753994149725355,0.01150285533693037,1488
42.0,0.7751809944404412,0.011464308041728499,1499
42.400000000000006,0.737725260206255,0.01198079145618559,1498
42.800000000000004,0.6928400521600655,0.013088593956896707,1359
43.2,0.670532914682459,0.012660145073646394,1500
43.6,0.6266529883841506,0.01309781702617846,1470
44.0,0.552614408443355,0.013254610622579566,1500
44.400000000000006,0.5142760390892456,0.013819271978106352,1388
44.800000000000004,0.430558410757265,0.013131459358049009,1500
45.2,0.40186830717902006,0.012998050929944532,1499
45.6,0.36416336554345774,0.012754760635495917,1498
46.0,0.29746910254587877,0.01210942515341182,1500
46.400000000000006,0.267817080509145,0.011735765007061097,1500
46.800000000000004,0.23763832646142632,0.011294305422598355,1499
47.2,0.23200412614843594,0.011986114085494243,1309
47.6,0.23280803291090887,0.01121643953095089,1499
48.0,0.23195882130193216,0.011198831397663608,1500
48.400000000000006,0.265058752877821,0.011697895367593575,1500
48.800000000000004,0.2788503910344413,0.0118818413677248,1500
49.2,0.3123361880482042,0.012403272638031804,1469
49.6,0.3825471329769502,0.012880847764311162,1499
50.0,0.4336102362252776,0.013147978087119061,1499
