coil_current_mA,P_dark,P_dark_stderr,N_valid
4784.0,0.15162807623824073,0.009788685556675473,1488
4785.0,0.16394528189671637,0.010149428150755702,1460
4786.0,0.12117212082001706,0.00910480737018614,1469
4787.0,0.0773078829009614,0.007795586348687791,1460
4788.0,0.03573613977378723,0.006027929658667697,1489
4789.0,0.001358696457508187,0.003911034120042878,1499
4790.0,0.0027065612710682266,0.004016527719540861,1500
4791.0,0.05847123550640039,0.007001419632978403,1500
4792.0,0.10766963739098676,0.008675153375217348,1489
4793.0,0.2580947504703258,0.011587228231635726,1498
4794.0,0.36705736987577714,0.012650556514948145,1490
4795.0,0.5265740963878789,0.013004017199864255,1490
4796.0,0.7023198843598356,0.01188220647254333,1489
4797.0,0.8159299764127543,0.010058536578377906,1499
4798.0,0.922666140391904,0.007121960674004932,1459
4799.0,0.9663228359533638,0.004898418543316508,1499
4800.0,0.9574761971568574,0.00541638652585027,1499
4801.0,0.8985939132614749,0.00867371305728813,1240
4802.0,0.821374061825989,0.009944154324485362,1499
4803.0,0.675282937109404,0.012124895089054887,1500
4804.0,0.5222701114636754,0.012967983303777875,1500
4805.0,0.3775007354105444,0.01276032330709595,1479
4806.0,0.26474944433236286,0.01182426846081433,1459
4807.0,0.16740330156116742,0.010091359111355542,1499
4808.0,0.09069579994673894,0.008272737683700607,1449
4809.0,0.04286984773342303,0.006343900725963403,1499
4810.0,0.015183711883158906,0.004897802181848792,1489
4811.0,0.007483292547397324,0.004372197447822215,1499
4812.0,0.006122271194088553,0.004274505248967085,1499
4813.0,0.019564428978204585,0.005180729116839588,1478
4814.0,0.022138292863010323,0.0053610297929236874,1459
4815.0,0.027218102170373164,0.005576521330660267,1499
4816.0,0.04749031507770697,0.006852031075880569,1360
