# meta,"{'detuning_mhz': -23.404, 'probe_amplitude': 1.0, 'external_trigger': False, 'trap_depth': 0.8, 't_start_us': 0.0, 't_end_us': 28.0, 't_step_us': 0.5, 'n_runs': 3, 'n_cycles': 500, 'op_mode': 'm_minus'}"
probe_time_us,P_dark,P_dark_stderr,N_valid
0.0,0.019607843137254943,0.0036052114282006022,1479
0.5,0.03735823882588396,0.004898067093522016,1499
1.0,0.06608811748998666,0.0064188722820218294,1498
1.5,0.1326666666666667,0.008758471031796293,1500
2.0,0.2214809873248833,0.010725116555811532,1499
2.5,0.3148765843895931,0.01199647827444165,1499
3.0,0.41407867494824013,0.012939779985536286,1449
3.5,0.5160213618157543,0.012911926053960465,1498
4.0,0.6104069379586391,0.01259547416124654,1499
4.5,0.7038025350233489,0.011792754718665503,1499
5.0,0.7491661107404937,0.011196475943558036,1499
5.5,0.775912408759124,0.011265616661054263,1370
6.0,0.7531687791861241,0.011136414413128026,1499
6.5,0.7529330572808833,0.011330558317385565,1449
7.0,0.6911764705882353,0.012527955712461679,1360
7.5,0.5809267965077234,0.012786694877404501,1489
8.0,0.5070046697798533,0.012912982607208124,1499
8.5,0.3946666666666667,0.012620218933359514,1500
9.0,0.3208805870580387,0.012057130955419515,1499
9.5,0.20550705171255879,0.01047155164373366,1489
10.0,0.147945205479452,0.009291969638551533,1460
10.5,0.08872581721147432,0.007344271458985052,1499
11.0,0.06300963676797633,0.006615536582286209,1349
11.5,0.06000000000000005,0.006131883886702359,1500
12.0,0.08272181454302874,0.0071147516064469386,1499
12.5,0.1480987324883255,0.009174227101563305,1499
13.0,0.22483221476510062,0.01081518600400792,1490
13.5,0.3162108072048032,0.012010156159480612,1499
14.0,0.4036024016010674,0.012671965954922723,1499
14.5,0.5296864576384256,0.01289146757016683,1499
15.0,0.5777184789859906,0.012757287758115556,1499
15.5,0.6717811874583055,0.012128157756394236,1499
16.0,0.7220689655172414,0.01176451046958759,1450
16.5,0.7427803895231699,0.011327521726487882,1489
17.0,0.7360644728005372,0.011422456311184988,1489
17.5,0.6957403651115619,0.011963594468518308,1479
18.0,0.6713333333333333,0.012128338410210717,1500
18.5,0.5970647098065377,0.012668568315147222,1499
19.0,0.4732453092425295,0.013161850934785542,1439
19.5,0.41360907271514347,0.012720021137839085,1499
20.0,0.3275862068965517,0.012325288943879777,1450
20.5,0.22615076717811877,0.010805040384949593,1499
21.0,0.19346230820547028,0.01020257274743152,1499
21.5,0.13809206137424945,0.008910744275805802,1499
22.0,0.1373333333333333,0.008887177613051621,1500
22.5,0.12008005336891259,0.008395686261393663,1499
23.0,0.16666666666666663,0.009622504486493762,1500
23.5,0.18133333333333335,0.009948251288729277,1500
24.0,0.2726666666666666,0.011498392802345771,1500
24.5,0.3408163265306122,0.012362455728260117,1470
25.0,0.4383934649421375,0.012946048040332747,1469
25.5,0.4906666666666667,0.012907695092176317,1500
26.0,0.5606896551724139,0.013033557900865338,1450
26.5,0.6344229486324215,0.012438788642625435,1499
27.0,0.6711140760507004,0.012134447324021384,1499
27.5,0.6894775570272259,0.012551534837297268,1359
28.0,0.6804536357571714,0.012043851535169839,1499
