detuning_MHz,P_dark,P_dark_stderr,N_valid
20.43723,0.17433757828717222,0.010142452226897468,1500
20.44223,0.20629225461393264,0.010939638984197156,1460
20.447229999999998,0.23887455865395416,0.011363839334805783,1499
20.452229999999997,0.2987063874681758,0.012569387430408911,1409
20.457229999999996,0.2995403772777058,0.012276291965323765,1480
20.462229999999995,0.2702072913599768,0.01195110080752341,1468
20.467229999999994,0.2518632262538171,0.011561344283353932,1500
20.472229999999993,0.19460895307436887,0.010935393108063154,1400
20.47722999999999,0.1480342334413463,0.00952057016043914,1500
