probe_time,P_dark
2,0.052319109461966606
4,0.05780346820809246
6,0.07796852646638053
8,0.07145242070116864
10,0.09215358931552586
12,0.11485735457576884
14,0.13681917211328976
16,0.1341341341341341
18,0.15081748415081753
20,0.1637758505670447
22,0.17444963308872585
24,0.21228304405874499
26,0.21836393989983305
28,0.2222222222222222
30,0.2859526192859526
32,0.2377295492487479
34,0.23007669223074356
36,0.2288955622288955
38,0.2921739130434783
40,0.26577629382303836
42,0.24524524524524527
44,0.28833333333333333
46,0.2736982643524699
48,0.26460767946577635
50,0.24724724724724723
