"# fit: A, tau, omega, phi, C = 0.136491, 69.2737, 0.203897, -1.60553, 0.251287"
probe_time,P_dark
2,0.13188647746243742
4,0.1886363636363636
6,0.22233333333333338
8,0.2913885180240321
10,0.30051813471502586
12,0.36527545909849746
14,0.34411470490163387
16,0.3370696557245797
18,0.3724542630307215
20,0.34359925788497214
22,0.29000000000000004
24,0.2546330615270571
26,0.21724137931034482
28,0.19038076152304606
30,0.14843228819212806
32,0.15384615384615385
34,0.18084751418084755
36,0.18206068689563193
38,0.21607202400800263
40,0.24741235392320537
42,0.26080000000000003
44,0.32866666666666666
46,0.32688988608905767
48,0.289622956289623
50,0.31895223420647145
52,0.2850467289719626
54,0.24982130092923516
56,0.2178107606679035
58,0.2056761268781302
60,0.18291054739652868
62,0.18357810413885178
64,0.20693641618497105
66,0.20731286650569158
68,0.22671118530884804
70,0.2838559039359573
72,0.26110183639399
74,0.2667200640768923
76,0.3265
78,0.29939919893190925
80,0.255004003202562
82,0.25075025008336116
84,0.24599465954606137
86,0.2289719626168224
88,0.2093489148580968
90,0.22730307076101464
92,0.20868113522537568
94,0.23360938578329882
96,0.2526702269692924
98,0.2465799132465799
100,0.25375626043405675
