# meta,"{'detuning_mhz': -23.356, 'probe_amplitude': 0.15, 'external_trigger': False, 'trap_depth': 0.8, 't_start_us': 0.0, 't_end_us': 70.0, 't_step_us': 1.0, 'n_runs': 3, 'n_cycles': 500, 'op_mode': 'm_minus'}"
probe_time_us,P_dark,P_dark_stderr,N_valid
0.0,0.016677785190126748,0.0033076252363271877,1499
1.0,0.0358744394618834,0.005084301585492491,1338
2.0,0.05070046697798536,0.005666394365102641,1499
3.0,0.10406937958639095,0.007886746037158344,1499
4.0,0.1674449633088726,0.009643655865206909,1499
5.0,0.20449601160261055,0.010861291476234094,1379
6.0,0.3009636767976279,0.012488231436940746,1349
7.0,0.3842561707805203,0.01256347103848154,1499
8.0,0.4823215476984657,0.012906175309655606,1499
9.0,0.5703802535023349,0.012785671493576673,1499
10.0,0.6024016010673783,0.012640508812593444,1499
11.0,0.6724482988659106,0.012121840433249476,1499
12.0,0.7078052034689792,0.01174606224483978,1499
13.0,0.7237762237762237,0.011824006682875341,1430
14.0,0.7557732680195941,0.01136517815849059,1429
15.0,0.790527018012008,0.010510455793670133,1499
16.0,0.765146358066712,0.011060124341307057,1469
17.0,0.7376502002670227,0.011366053453310022,1498
18.0,0.662527392257122,0.012779664691685804,1369
19.0,0.628609805238415,0.012521560130314026,1489
20.0,0.5591549295774647,0.013175433133075532,1420
21.0,0.45060080106809075,0.012855355290414218,1498
22.0,0.37676292813969103,0.012557794507826759,1489
23.0,0.2842465753424658,0.011804644423478299,1460
24.0,0.228152101400934,0.010838702182219257,1499
25.0,0.17144763175450295,0.009734752409957447,1499
26.0,0.14367405289492496,0.00937777624062376,1399
27.0,0.10783553141970514,0.008639267955185851,1289
28.0,0.08232789212207237,0.0073225402471589355,1409
29.0,0.062041360907271526,0.00623062603300869,1499
30.0,0.09060175794455716,0.007463822115327025,1479
31.0,0.1331981068289385,0.008835372511363281,1479
32.0,0.16010673782521678,0.009471440528024587,1499
33.0,0.1900647948164147,0.01052749044828877,1389
34.0,0.2538671519563239,0.013128420819910773,1099
35.0,0.3401515151515152,0.013039812634937495,1320
36.0,0.4242828552368245,0.012765314129409032,1499
37.0,0.4531974050046339,0.015154732270686934,1079
38.0,0.5568493150684932,0.01300074169054505,1460
39.0,0.6220169361046959,0.013453419977340314,1299
40.0,0.6911274182788525,0.011933502376671446,1499
41.0,0.7324883255503669,0.01143328178069223,1499
42.0,0.7578385590393596,0.011064709825266516,1499
43.0,0.720217835262083,0.011711999659878899,1469
44.0,0.6991327551701134,0.011845856381924747,1499
45.0,0.6664249456127629,0.012696682872565158,1379
46.0,0.6167785234899329,0.012594948823774451,1490
47.0,0.5960841189267585,0.013213476817570067,1379
48.0,0.4966666666666667,0.01290965759651507,1500
49.0,0.4503759398496241,0.013642521227921166,1330
50.0,0.3524137931034482,0.012545594405562792,1450
51.0,0.28532792427315756,0.011741983293812116,1479
52.0,0.24282855236824552,0.011075062182679849,1499
53.0,0.21347565043362238,0.010583503126532777,1499
54.0,0.181454302868579,0.00995415236600226,1499
55.0,0.1568627450980392,0.009456380923014577,1479
56.0,0.122,0.008450483220897292,1500
57.0,0.13008672448298864,0.008688676988052837,1499
58.0,0.1480987324883255,0.009174227101563305,1499
59.0,0.2014676450967312,0.010359721904692594,1499
60.0,0.2214809873248833,0.010725116555811532,1499
61.0,0.2821881254169446,0.011624488979008595,1499
62.0,0.3342409802586793,0.01230771637988446,1469
63.0,0.39652173913043476,0.014424985857197805,1150
64.0,0.4385847797062751,0.012820736153260891,1498
65.0,0.5023348899266178,0.012914109144756708,1499
66.0,0.5616438356164384,0.012985767697449345,1460
67.0,0.6004029550033579,0.012693611308453418,1489
68.0,0.6084056037358239,0.01260706582800463,1499
69.0,0.601067378252168,0.012647670368332111,1499
70.0,0.6187455954897816,0.012893543722866036,1419
