detuning_MHz,P_dark
-24.96,0.019346230820546984
-24.955000000000002,0.02137931034482754
-24.950000000000003,0.013342228152101399
-24.945000000000004,0.01111934766493694
-24.940000000000005,0.016000000000000014
-24.935000000000006,0.006004002668445585
-24.930000000000007,0.016677785190126748
-24.925000000000008,0.021347565043362215
-24.92000000000001,0.020666666666666722
-24.91500000000001,0.04269513008672443
-24.91000000000001,0.06404269513008676
-24.905000000000012,0.1001335113484646
-24.900000000000013,0.10607071380920619
-24.895000000000014,0.1820689655172414
-24.890000000000015,0.18600000000000005
-24.885000000000016,0.2230164403145104
-24.880000000000017,0.2654545454545455
-24.875000000000018,0.30000000000000004
-24.87000000000002,0.26887519260400616
-24.86500000000002,0.2995169082125604
-24.86000000000002,0.29400000000000004
-24.85500000000002,0.28088336783988954
-24.850000000000023,0.22799999999999998
-24.845000000000024,0.20441988950276246
-24.840000000000025,0.17344896597731818
-24.835000000000026,0.13742494996664445
-24.830000000000027,0.0861148197596796
-24.825000000000028,0.06275862068965521
-24.82000000000003,0.04200000000000004
-24.81500000000003,0.024844720496894457
-24.81000000000003,0.024683122081387565
-24.80500000000003,0.011348464619492682
-24.800000000000033,0.014666666666666717
-24.795000000000034,0.014000000000000012
-24.790000000000035,0.019182652210175122
-24.785000000000036,0.027162258756254443
-24.780000000000037,0.035739814152966454
-24.775000000000038,0.029306647605432445
-24.77000000000004,0.03602401601067373
-24.76500000000004,0.02533333333333332
-24.76000000000004,0.021361815754339153
