phase_deg,p_dark,stderr
0.0,0.418270868192241,0.018937293016108
10.0,0.41305408503788454,0.019457822859187148
20.0,0.1509070530305295,0.014623463788308175
30.0,0.21276741003156235,0.01710151272160186
40.0,0.20468124891166872,0.01759527724845123
50.0,0.13330127276421336,0.014776607426113243
60.0,0.33428927433461925,0.01814167935635862
70.0,0.26691734864732114,0.017418162147647357
80.0,0.4554286483003722,0.019258876400927424
90.0,0.5559267776996201,0.01941460630896453
100.0,0.7299301884720875,0.017331198506794827
110.0,0.7951747564559057,0.016664888871164713
120.0,0.8612356536848931,0.014309498232121168
130.0,0.8537201054056713,0.014253387081795637
140.0,0.7999471098146123,0.016539081736839586
150.0,0.7069414727378283,0.01896635567748455
160.0,0.5171409848542275,0.020391101777849144
170.0,0.3608906008136151,0.01927634790053694
